SKU,Product Name,HGS Cost (NPR),Sagarmatha Selling Price (NPR),Gross Profit (NPR),Category,Delivery Type,HGS Status
SG-001,ARK Survival Evolved,499.0,600,101.0,Steam Private Account,Digital account delivery,Available
SG-002,Meccha Chameleon Nepal Region Steam,750.0,900,150.0,Steam Private Account,Digital account delivery,Available
SG-003,Riders Republic,799.0,1000,201.0,Steam Private Account,Digital account delivery,Available
SG-004,EA FC 26,900.0,1100,200.0,Steam Private Account,Digital account delivery,Available
SG-005,Euro Truck Simulator 2,999.0,1200,201.0,Steam Private Account,Digital account delivery,Available
SG-006,EA FC 25,1499.0,1800,301.0,Steam Private Account,Digital account delivery,Sold Out
SG-007,It Takes Two,1700.0,2000,300.0,Steam Private Account,Digital account delivery,Available
SG-008,NBA 2K26,1799.0,2100,301.0,Steam Private Account,Digital account delivery,Available
SG-009,Rust,1899.0,2200,301.0,Steam Private Account,Digital account delivery,Available
SG-010,Red Dead Redemption 2,1999.0,2300,301.0,Steam Private Account,Digital account delivery,Available
SG-011,GTA V Premium Edition,2199.0,2750,551.0,Steam Private Account,Digital account delivery,Available
SG-012,Hytale,2299.0,2750,451.0,Steam Private Account,Digital account delivery,Available
SG-013,Call of Duty: Modern Warfare,2499.0,3000,501.0,Steam Private Account,Digital account delivery,Available
SG-014,Call of Duty: Modern Warfare 2,2800.0,3250,450.0,Steam Private Account,Digital account delivery,Available
SG-015,Call of Duty: Modern Warfare III,3200.0,3750,550.0,Steam Private Account,Digital account delivery,Available
SG-016,ARC Raiders,3800.0,4500,700.0,Steam Private Account,Digital account delivery,Available
SG-017,Battlefield 6,3999.0,4750,751.0,Steam Private Account,Digital account delivery,Available
SG-018,F1 25: 2026 Season Edition,3999.0,4750,751.0,Steam Private Account,Digital account delivery,Available
SG-019,F1 25,3999.0,4750,751.0,Steam Private Account,Digital account delivery,Available
SG-020,EA SPORTS FC 27 Ultimate Edition,10800.0,12500,1700.0,Steam Private Account,Digital account delivery,Available
SG-021,Tekken 7,100.0,150,50.0,Steam Offline Games,Digital account/login delivery,Available
SG-022,Ranch Simulator,100.0,150,50.0,Steam Offline Games,Digital account/login delivery,Available
SG-023,It Takes Two,100.0,150,50.0,Steam Offline Games,Digital account/login delivery,Available
SG-024,Dying Light – Anniversary Edition,100.0,150,50.0,Steam Offline Games,Digital account/login delivery,Available
SG-025,WWE 2K20,100.0,150,50.0,Steam Offline Games,Digital account/login delivery,Available
SG-026,Detroit,100.0,150,50.0,Steam Offline Games,Digital account/login delivery,Available
SG-027,Hollow Knight,100.0,150,50.0,Steam Offline Games,Digital account/login delivery,Available
SG-028,The Forest,100.0,150,50.0,Steam Offline Games,Digital account/login delivery,Available
SG-029,WWE 2K24,100.0,150,50.0,Steam Offline Games,Digital account/login delivery,Available
SG-030,Microsoft Flight Simulator X,100.0,150,50.0,Steam Offline Games,Digital account/login delivery,Available
SG-031,Schedule I,100.0,150,50.0,Steam Offline Games,Digital account/login delivery,Available
SG-032,Sons of the Forest,100.0,150,50.0,Steam Offline Games,Digital account/login delivery,Available
SG-033,SnowRunner,100.0,150,50.0,Steam Offline Games,Digital account/login delivery,Available
SG-034,GTA Vice City,200.0,250,50.0,Steam Offline Games,Digital account/login delivery,Available
SG-035,Grand Theft Auto: San Andreas,200.0,250,50.0,Steam Offline Games,Digital account/login delivery,Available
SG-036,Horizon Forbidden West,200.0,250,50.0,Steam Offline Games,Digital account/login delivery,Available
SG-037,Hollow Knight: Silksong,200.0,250,50.0,Steam Offline Games,Digital account/login delivery,Available
SG-038,Clair Obscur: Expedition 33,200.0,250,50.0,Steam Offline Games,Digital account/login delivery,Available
SG-039,Split Fiction,200.0,250,50.0,Steam Offline Games,Digital account/login delivery,Available
SG-040,Cyberpunk 2077 Ultimate Edition,200.0,250,50.0,Steam Offline Games,Digital account/login delivery,Available
SG-041,Onimusha: Way of the Sword - Premium Deluxe Edition,799.0,1000,201.0,Steam Offline Games,Digital account/login delivery,Available
SG-042,Assassin's Creed IV: Black Flag Resynced Deluxe Edition + All DLCs,799.0,1000,201.0,Steam Offline Games,Digital account/login delivery,Available
SG-043,Crimson Desert Deluxe Edition,600.0,700,100.0,Steam Offline Games,Digital account/login delivery,Available
SG-044,007 First Light Deluxe Edition + All DLCs,600.0,700,100.0,Steam Offline Games,Digital account/login delivery,Available
SG-045,Black Myth: Wukong Deluxe Edition,600.0,700,100.0,Steam Offline Games,Digital account/login delivery,Available
SG-046,NARUTO Ultimate Ninja STORM Collection,400.0,500,100.0,Steam Offline Games,Digital account/login delivery,Available
SG-047,NARUTO X BORUTO Ultimate Ninja STORM CONNECTIONS Deluxe Edition,500.0,600,100.0,Steam Offline Games,Digital account/login delivery,Available
SG-048,Mafia: The Old Country Deluxe Edition + The Man of Honor DLC,600.0,700,100.0,Steam Offline Games,Digital account/login delivery,Available
SG-049,Assassin's Creed Shadows,699.0,900,201.0,Steam Offline Games,Digital account/login delivery,Available
SG-050,HITMAN World of Assassination Deluxe Edition + All DLCs,400.0,500,100.0,Steam Offline Games,Digital account/login delivery,Available
SG-051,NieR: Game of the YoRHa Edition,400.0,500,100.0,Steam Offline Games,Digital account/login delivery,Available
SG-052,The Walking Dead: The Telltale Definitive Series,400.0,500,100.0,Steam Offline Games,Digital account/login delivery,Available
SG-053,Farming Simulator 25,400.0,500,100.0,Steam Offline Games,Digital account/login delivery,Available
SG-054,Clash Royale,80.0,100,20.0,Game Top-Up,UID/Player ID digital top-up,Available
SG-055,Free Fire,100.0,120,20.0,Game Top-Up,UID/Player ID digital top-up,Available
SG-056,Wuthering Waves,150.0,180,30.0,Game Top-Up,UID/Player ID digital top-up,Available
SG-057,PUBG Mobile UID Topup,165.0,190,25.0,Game Top-Up,UID/Player ID digital top-up,Available
SG-058,Where Winds Meet,180.0,210,30.0,Game Top-Up,UID/Player ID digital top-up,Available
SG-059,Mobile Legends: Bang Bang Nepal,180.0,210,30.0,Game Top-Up,UID/Player ID digital top-up,Available
SG-060,Genshin Impact,180.0,210,30.0,Game Top-Up,UID/Player ID digital top-up,Available
SG-061,Blood Strike,185.0,220,35.0,Game Top-Up,UID/Player ID digital top-up,Available
SG-062,Clash of Clans,250.0,290,40.0,Game Top-Up,UID/Player ID digital top-up,Available
SG-063,Valorant PHP,650.0,750,100.0,Game Top-Up,UID/Player ID digital top-up,Available
SG-064,Steam Gift Card (Global Region),250.0,300,50.0,Gift Cards,Digital code delivery,Available
SG-065,Roblox Gift Card,600.0,700,100.0,Gift Cards,Digital code delivery,Available
SG-066,Valorant Gift Card,850.0,1000,150.0,Gift Cards,Digital code delivery,Available
SG-067,PlayStation Gift Card US,870.0,1100,230.0,Gift Cards,Digital code delivery,Available
SG-068,Apple Gift Card US,900.0,1100,200.0,Gift Cards,Digital code delivery,Sold Out
SG-069,Battle.net Gift Card US,1550.0,1800,250.0,Gift Cards,Digital code delivery,Available
SG-070,ExitLag Global Card,1550.0,1800,250.0,Gift Cards,Digital code delivery,Available
SG-071,Xbox Gift Card US,1700.0,2000,300.0,Gift Cards,Digital code delivery,Available
SG-072,Nintendo Gift Card US,1700.0,2000,300.0,Gift Cards,Digital code delivery,Available
SG-073,Discord Gift Card,1899.0,2200,301.0,Gift Cards,Digital code delivery,Available
SG-074,EA Gift Card US,2750.0,3250,500.0,Gift Cards,Digital code delivery,Available
SG-075,Netflix Gift Card,2950.0,3500,550.0,Gift Cards,Digital code delivery,Available
SG-076,Epic Gift Card US/Nepal,2950.0,3500,550.0,Gift Cards,Digital code delivery,Available
SG-077,Xbox Game Pass Ultimate,2350.0,2750,400.0,Xbox,Digital account/code delivery,Available
SG-078,EA SPORTS FC 27 Standard Edition PS4/PS5,3999.0,4750,751.0,PlayStation Digital,Digital account/code delivery,Available
SG-079,Marvel's Wolverine PS5,4350.0,5250,900.0,PlayStation Digital,Digital account/code delivery,Available
SG-080,GTA 6 Standard Edition Pre-Order,4999.0,5750,751.0,PlayStation Digital,Digital account/code delivery,Available
SG-081,GTA 6 Ultimate Edition Pre-Order,6999.0,8500,1501.0,PlayStation Digital,Digital account/code delivery,Available
SG-082,Sea of Thieves 2026 Deluxe Edition,300.0,350,50.0,Microsoft Online Games,Digital account/code delivery,Available
SG-083,No Man's Sky,300.0,350,50.0,Microsoft Online Games,Digital account/code delivery,Available
SG-084,Palworld,300.0,350,50.0,Microsoft Online Games,Digital account/code delivery,Available
SG-085,Forza Horizon 4 Ultimate Edition,400.0,500,100.0,Microsoft Online Games,Digital account/code delivery,Available
SG-086,Cities: Skylines II,500.0,600,100.0,Microsoft Online Games,Digital account/code delivery,Available
SG-087,Cricket 24 International Edition,500.0,600,100.0,Microsoft Online Games,Digital account/code delivery,Available
SG-088,ARC Raiders,500.0,600,100.0,Microsoft Online Games,Digital account/code delivery,Sold Out
SG-089,Microsoft Flight Simulator 2020 – 40th Anniversary Edition,500.0,600,100.0,Microsoft Online Games,Digital account/code delivery,Available
SG-090,Forza Horizon 5 Premium Edition,500.0,600,100.0,Microsoft Online Games,Digital account/code delivery,Available
SG-091,Microsoft Flight Simulator 2024,700.0,900,200.0,Microsoft Online Games,Digital account/code delivery,Available
SG-092,Forza Horizon 6 Premium Edition,999.0,1200,201.0,Microsoft Online Games,Digital account/code delivery,Available
SG-093,Cricket 26 Pro International Edition,1000.0,1200,200.0,Microsoft Online Games,Digital account/code delivery,Available
SG-094,Lifetime PC Game Pass,1000.0,1200,200.0,Microsoft Online Games,Digital account/code delivery,Available
SG-095,Forza Horizon 6 Standard Edition,1000.0,1200,200.0,Microsoft Online Games,Digital account/code delivery,Available
SG-096,Steam Random Keys,200.0,250,50.0,Game Keys,Digital key/code delivery,Sold Out
SG-097,Grand Random Steam Key,400.0,500,100.0,Game Keys,Digital key/code delivery,Sold Out
SG-098,Steam Random Elite Key,500.0,600,100.0,Game Keys,Digital key/code delivery,Sold Out
SG-099,VIP Mystery Bundle,600.0,700,100.0,Game Keys,Digital key/code delivery,Sold Out
SG-100,GTA V Premium Edition Enhanced Rockstar Key,2700.0,3250,550.0,Game Keys,Digital key/code delivery,Available
SG-101,FIFA 16 PS4 (Sealed),1800.0,2100,300.0,PlayStation Physical Disc,Physical delivery (shipping),Available
SG-102,FIFA 20 PS4 Disc (Pre-Owned),2000.0,2300,300.0,PlayStation Physical Disc,Physical delivery (shipping),Available
SG-103,FIFA 19 (Sealed),2000.0,2300,300.0,PlayStation Physical Disc,Physical delivery (shipping),Available
SG-104,FIFA 18 PS4 (Sealed),2000.0,2300,300.0,PlayStation Physical Disc,Physical delivery (shipping),Available
SG-105,WWE 2K17 PS4 (Pre-Owned),2400.0,2800,400.0,PlayStation Physical Disc,Physical delivery (shipping),Available
SG-106,WWE 2K18 PS4 (Pre-Owned),2500.0,2900,400.0,PlayStation Physical Disc,Physical delivery (shipping),Available
SG-107,The Last of Us Remastered PS4 Disc (Sealed),2800.0,3250,450.0,PlayStation Physical Disc,Physical delivery (shipping),Available
SG-108,God of War (2018) (Sealed),2800.0,3250,450.0,PlayStation Physical Disc,Physical delivery (shipping),Sold Out
SG-109,FIFA 23 PS5 (Sealed),3000.0,3450,450.0,PlayStation Physical Disc,Physical delivery (shipping),Available
SG-110,Naruto Shippuden: Ultimate Ninja Storm 4 PS4 Disc (Sealed),3000.0,3450,450.0,PlayStation Physical Disc,Physical delivery (shipping),Available
SG-111,FIFA 22 PS4 Disc (Pre-Owned),3400.0,3950,550.0,PlayStation Physical Disc,Physical delivery (shipping),Available
SG-112,WWE 2K22 PS4 (Pre-Owned),3499.99,4050,550.0100000000002,PlayStation Physical Disc,Physical delivery (shipping),Available
SG-113,WWE 2K20 PS4 (Sealed),3700.0,4300,600.0,PlayStation Physical Disc,Physical delivery (shipping),Available
SG-114,The Last of Us Part II PS4 Disc (Sealed),3800.0,4400,600.0,PlayStation Physical Disc,Physical delivery (shipping),Available
SG-115,GTA V Premium Edition PS4 Disc (Sealed),4100.0,4750,650.0,PlayStation Physical Disc,Physical delivery (shipping),Available
SG-116,GTA V PS5 Disc (Sealed),4500.0,5200,700.0,PlayStation Physical Disc,Physical delivery (shipping),Available
SG-117,Uncharted Legacy of Thieves Collection PS5 Disc (Sealed),4500.0,5200,700.0,PlayStation Physical Disc,Physical delivery (shipping),Available
SG-118,God of War Ragnarök PS5 Disc (Sealed),5200.0,6000,800.0,PlayStation Physical Disc,Physical delivery (shipping),Available
SG-119,Minecraft Java & Bedrock Edition Premium New Account,2500.0,3000,500.0,Minecraft,Digital account delivery,Sold Out
